title,selftext,score,comment_body,comment_score,post_word_count,post_size_category,comment_emotion,data_source
I’m not doing good,"I went on a oxy binge once I ran out I started norcos just to avoid wds. I really want to just say fuck it and quit my job a was barely able to get out of bed this morning. I thought I had this under control but catching myself dosing 2-3 times a day luckily its a small dose 20 mg norcos. I can’t quit my job right now specially in this economy and sole provider with my wife expecting next year and with a young child at the moment. My dumb brain tricks its self by telling myself I’ll quit once I turn 30 years old. And that’s coming soon. I have no pto in fact I already used all my cards at hand (fmla, pto, doctors notes) I’m just fucked right now this anxiety is fucking be up. 
",6,I know the feeling. Sometimes that’s when we get better. When we have nothing else to lose but everything to gain. I hope you figure it out how before you lose it all. You have a healthy family and another on the way. That is wealth. Now get healthy for you so they can have the best you showing up.,4.0,145,medium,optimism,R-OpiatesRecovery
Last shot,On December 23rd I got my last shot of Brixadi. I have an appointment scheduled for the 28th in case I want to do another shot but I’m more interested on hearing how anyone else felt in the 2 month range after there last dose. I’ve been on the shot for 6-7 months and have gotten the lowest dose my last 2 shots. I’ve gone over 5 weeks twice between the highest dose shots and felt perfectly fine but im still a little concerned about the 6-8 weeks mark. I’ve changed my life around for the better and think I’m more than ready just worrying about possible withdrawal symptoms in the coming weeks and having to work. ,3,"I do not have experience with Brixadi, but I have plenty of experience with Sublocade. I'm not sure how equitable they are, but seem to be pretty similar.

I started getting the sublocade shot (100mg) every 30 days to begin, probably for 3-4 months. I then started spacing out my shots by about a week each time (I'd schedule my next appointment for the same interval as the last, then when I felt good I'd push it back a week right before) until I was going 90 days in between shots. Over the course of 12-18 months as I spaced them out, I was always waiting for the withdrawals to pop up. They never did.

My last shot was in May, closing in on 8 months, and I never felt a fucking thing. I really wish I found sublocade sooner in my recovery journey, but happy I finally did.",2.0,119,medium,desire,R-OpiatesRecovery
Day 4 high heart rate,This is normal right ? I know the restless nights are I just don’t remember having such anxious feelings about my heart rate. Normally when I sleep it’s around 52 bpm. It’s been around 70 now.,3,"Bro, don‘t worry. There is much happening in your body and your nervoussystem right now. That your Heart rate increases is totally normal. Keep going, it Sounds like you‘re on the right way. 🫵🏻",3.0,41,small,caring,R-OpiatesRecovery
Does anyone else feel anxiety in their legs/calf muscles?,"Does anyone else feel anxiety in their legs/calf muscles? Anything that makes me slightly uncomfortable makes my legs feel similar to going through withdrawal.. I swear it’s a byproduct of being an addict for so many years. If I’m nervous or even if I have to take a poop, my calf muscles just start to feel so uncomfortable. I feel like it’s because for so many years The most uncomfortable thing in my life would be withdrawal so now anything slightly uncomfortable, my brain gives me those leg cramps as a muscle memory.. anyone else or am I just a weirdo? ",1,"I can definitely relate, mine do the same thing.  So at least now, we both know we are not alone.  There are many byproducts that this poison brings us unfortunately.  

Take care of yourself, hope the future holds nothing but the best for you.",3.0,110,medium,caring,R-OpiatesRecovery
I’ve been off of fet for a year and a half but honestly the cravings are still really intense.,It’s discouraging. I don’t understand why all of this work I’ve put in hasn’t done anything to soothe that disgusting hunger. When did it get easier for other people? Is there something I can do to put more distance between myself and my impulses? There is a constant dissonance between my physical self and mental because I’m trying to do right by myself and my family on the outside but in my head there’s just this constant gnawing. I’m better because I have to be but I want to just be better. ,7,"For me it helps that the quality of drugs went down so much before I even got clean. I couldn’t even catch a buzz near the end. Sometime I miss the stuff I used to get, but I know I can’t get it now so what’s the point",7.0,111,medium,disappointment,R-OpiatesRecovery
Day 2,Currently on day 2 of withdrawal. I haven’t really slept at all mostly due to restless legs and my arms seem to have it too. Is this normal? . It’s the absolute worst. ,7,"What was your DOC? You got this mate. Are you going cold turkey? Just remember, minutes turn into hours, hours turn into days, those days are the rest of your life! I know what you're going through, I just went through it too. I am on subs now, I'm not strong enough to wait it out, but I wish you the best of luck mate. Just remember why you're doing it. Get your life back. This is literally a fight for your soul",5.0,35,small,caring,R-OpiatesRecovery
Are you more jumpy on opiates lol,"I started noticing during my last big active addiction phase that when I got high and say went outside for a walk or something I would be super easily startled and jumpy. Now fast forward to me being toward the end of my suboxone taper (2mg daily) and I swear to god every fucking day at work I’ll be walking down a hallway and someone will simply round the corner and I jump! It’s so embarrassing. I try to like anticipate and calm myself mentally (“ok other people work here so it’s possible someone might appear around the corner or behind me but it’s okay”) but tbh that almost makes it worse. It’s just embarrassing, I feel like people must think I’m such a freak lol",1,No lie I take oxycodone and I feel that way as well. Even if someone let’s say … like knocks on my door or something or if I’m taking a shower and the shampoo falls I get overly startled about it,1.0,133,medium,neutral,R-OpiatesRecovery
Nicotine wds along with opioid,I’m just realizing that last time I detoxed was horrible and might have been due to nicotine withdrawals. I had such bad anxiety for months I’m just wondering if I didn’t vape would it been horrible? ,4,The nicotine is what causes the anxiety.. trust me.  Nicotine and caffeine during the first couple months of opiate withdrawal are asking for a panic attack.,6.0,41,small,fear,R-OpiatesRecovery
Please help - question about anxiety,"So I have been tapering methadone for the past 1.5 years. At my highest I was at 130mg and I am down to 5mg. I was feeling okay aside from some insomnia and diarrhea and made the stupid decision to take more one night. That was about 2 weeks ago and now I have relentless anxiety. I am having panic attacks and unending anxiety. Does going up and down on dose like that cause anxiety all of a sudden? I don't know whether to take more or take less or take my 5mg and deal with it. I can't drive or work today - this shit has me feeling jumpy, Shakey, sick. I'm so pissed at myself. I was okay and decided to fuck around. ",2,,,131,medium,neutral,R-OpiatesRecovery
Gaming or film/series tips for withdrawal,So yeah. I am also ADHD and currently not on meds (i don't like how they make me feel) so i'm not searching a game where i need to stay super focused all the time like Souls-games i use to play normally. Same goes for films and series,3,"I recommend watching some movies about addiction/recovery, it helped me pass the time while I was detoxing. It also gave me strength and motivation to continue.

I watched so many films during my hibernation period... It was great.

Games are a big one - I recommend RPG, story driven games like The Witcher 3, Cyberpunk 2077 and Kingdom Come Deliverance 2. There's so much to do in those worlds, give it some time and it will pull you in.",2.0,54,medium,admiration,R-OpiatesRecovery
Day 3 using comfort meds for wds,Today was a little rougher than yesterday but I made it. The lyrica has helped soooo much. It’s allowing me to get sleep and to actually sit and relax and not be restless all day and dreading everything. It’s making the anxiety a 0-3/10 and taking away RLS it’s making me kinda calm and accepting the withdrawals kinda in a weird way. It’s not making the withdrawals go completely but it’s allowing me to get thru day without it feelin like a year. Been taking 3-450mg total for the day. Just took 150mg and it should let me get some sleep and head into day 4. I can’t believe I’m even typing this out.,7,check my post history. I literally made like 5 posts about lyrica. That shit is a fucking miracle. But be VERYYYYYYY careful it can have horrific withdrawals. Use it as sparingly as you can. Your situation seems similar to mine before  quit since that dose range is working well for you. A lot of people take 600-900 to feel comfortable. Good luck tho man days 4-6 is when people usually start to feel better naturally. The real work is after acutes. And also be extremely careful with the Xanax I saw ur other post but you did say they’re only have 5  .5mg pills and you’ve never used them before. Keep going OP,3.0,121,medium,caring,R-OpiatesRecovery
Friday December 12 check in,"Hey everyone, happy Friday! I hope everyone’s day is going well and you’re doing whatever you need to do to get through it. It’s been a busy one for me, but I’m finally on my lunch break and starting to slow things down a bit.

I just picked up a few L.L.Bean winter jackets I brought to the dry cleaners, and honestly… it hit me harder than I expected. I haven’t worn these coats in years. There was a time I tried to put them on after I gained weight and they wouldn’t even zip, so I stopped wearing them altogether.

Now, after losing the weight, putting them back on and having them actually fit feels incredible. What really blew me away is how amazing the quality still is — even after years, they look almost brand new. The materials inside are so warm, and you can just tell they’re built to last. They’re definitely pricey, but they’re worth every penny. You get so many years out of them that they’re really more of an investment than anything else. Moments like this make everything I’ve gone through feel worth it and remind me how far I’ve come.

Grateful for progress, especially when it shows up in small, unexpected ways! How is everyone doing today?

Check in here!",2,"Thats a great feeling with the coats. My wife went through last winter not being able to zip her jacket but didnt want to buy a new one, so this year she can and was so happy about that. Youre right its the little things. 

Im about the same size ive always been, except for when i was in my early to mid 20s and was a little pudgy from drinking alot and eating like shit. And then i lost alot of weight due to my opiate addiction, but im back to what i think is pretty natural for me now. Ive still got the same carhartt i got 20 years ago in high school, fits great. I recognize that my experience is highly atypical, and im grateful that ive been blessed with the genetics or whatever and the healthy enough routine to maintain my fitness.",2.0,222,large,admiration,R-OpiatesRecovery
Tuesday November 25 check in,"Hey all, happy Tuesday. Got an early start today — gym before work and an 8 AM haircut. Since I work from home, I book them first thing so they don’t get in the way of work. My barber’s a friend from high school, and he’s gotten so busy since opening his shop that I have to schedule weeks out, especially around Thanksgiving. I love that “clean cut” feeling post haircut and beard trim, too bad it fades fast lol. 

Quick good news on my truck: the fan clutch is showing early wear, but because it’s winter, the cold air is doing most of the cooling anyway. My mechanic said it’s nowhere near catastrophic and should last a few more months — probably won’t fail until spring when it warms up. Perfect timing since I’m planning to scrap the truck in the spring and get something else lol.

Even though it’s still technically a work week, it feels like everyone’s already in holiday mode, I got everyone talking about plans, recipes, where they’re going etc. and everyone’s on the road driving like idiots, gotta love it! How’s everyone’s day going?

Check in here!",3,[removed],1.0,198,medium,neutral,R-OpiatesRecovery
anger,"almost 3 weeks clean now. rls all but gone, body aches intermittent, insomnia good thru hydroxyzine and trazodone. but man am I angry. I just snap for the most insignificant things, no fuse whatsoever. it's hard to explain over and over that it's not me when my decisions have led me to this point. I'm doing deep breathing, gentle exercise, magnesium, l-theanine... my kid's a toddler and I have to walk away when she doesn't listen to avoid scolding her. it's fucking absurd because I am patient and empathetic to a fault. fuck opiates, never again",9,"I’m the same way and I’m 9 months clean although it’s gotten better over time
But I’m not always angry. But I do snap a lot. 
I’m more aware of my moods now. And they’re very up and down but they’ve gotten a lot better since I got clean. 
I’m starting to feel REAL joy again but again like I said my moods can be up and down. So I could have a day I take the kids to the park and I’m invested and interested and all night I think about what a great time I had at the park, sunshine fresh air and with the kids. Then the next day I could be pissed off and feel a little down. 
I think it’s very part of it though. And like I said in the beginning for months all I did was cry for no reason over every little thing for no reason at all, and yell all the time be irritable. So I’m light years ahead of where I need to be",2.0,97,medium,joy,R-OpiatesRecovery
Day 8 tramadol free!,"So I decided to quit tramadol for good. Cold turkey'd that shit. I took 150-200 for 6 months and then 100mg for a year. 

It was hard. Insomnia and depression were the worst. I no longer feel depressed, but insomnia is still present and so is anxiety. I used alcohol to sleep, the hangovers weren't that bad to be honest. I'm currently using clonidine, Lyrica and gabapentin to make it bearable. 

I've noticed that I feel extremely bored and that makes me want to drink, but I decided not to and bear it for the time being.",2,When I stopped tramadol after 5 years the initial first 2 months were easy but after that I developed PAWS which is absolute hell and still haven’t shaken it off after 4 years but everyone’s clock is different,1.0,101,medium,neutral,R-OpiatesRecovery
My opiate wd timeline,"Since 2016, I used oxycodone, hydrocodone, kratom, Suboxone, and codeine. My opiate receptors were never unoccupied for longer than 4 hours. I tried to cheat my way out of it so many times, but now, at 158 days clean, I will tell you the god-honest truth. There is no cheat code. Nothing helps without eventually getting you addicted. The only way is to raw dog it. Endure the pain, endure the chaos. That is what keeps you clean. I have never gone this long before, and I never thought I could.

On day 157 of opiate withdrawal, restless leg syndrome is still there, but it is nowhere near as bad as in the first couple of weeks. The cold sweats, chills, yawning, watery eyes, and other symptoms were mostly gone by month two. Sleep is still off, but much more manageable.

What I love about this sobriety is simple. I do not have to do anything in terms of drugs. I can just exist. Before, I always had to be doing something. I could never just chill. Life is more boring now, but at least I am not broke. My personality has changed. My brain’s cost-benefit part is finally working. It is almost like I am disgusted by all drugs since I got off opiates.

I also got off gabapentin and stopped nicotine vaping. Years of substances gone. Day four was the worst, a complete neurological hurricane. By day seven, I was not in hell anymore, but it was still brutal.

There is no cheat code. You have to go through it, and that is the point. You walk into the fire, get burnt, and learn not to play with it again. This is my truth. I got off opiates, and that is proof that it can be done. Good luck to everyone trying. You can do it, but only if you admit to yourself that you have to face it head on. There is no cheat code.",24,"Thanks for posting. Gives me reassurance. Im on day 43 from a coldturkey from 15yrs of oxy. 

I am still yawning and tearing over 30 times a day. Still up most of the night with RLS. 
No comfort meds. Raw doggin it.",11.0,332,large,gratitude,R-OpiatesRecovery
Starting MAT,"I'm 22M with BPD and social anxiety and struggled with poly-substance abuse and addiction since I was 15. After CT and relapsing on my own too many times to count and being rejected from pilot medicals (my dream job), I decided to try MAT and started Suboxone yesterday and in a week will be able to get the injection. I don't know anybody in my life who has addictions period except functioning alcoholics. I lurked on this subreddit for years but didn't post being that I wasn't sober. I guess I'm just posting this for anyone that was like me that was young and scared to start MAT but wanting to stop and not being able to. A big part also of why I didn't try MAT before was because being young I felt intimidated having to constantly rely on medication just to function and forever (neither of which is true).

If anyone has some advice I'd appreciate it as I still am very anxious about the whole thing but just know you don't have to be on MAT forever, and being dependent on this is better than being dependent on any kind of opiate in terms of letting you be functional and at least in my case allowing me to relearn how to live my life. For anyone reading this who is apprehensive but wanting to do SOMETHING, please just try and take this route to give yourself the best chance you can to live and be the person you were before drugs came into the picture. That version of you is still inside you and always will be, you just need to be brave enough to try things such as MAT which you are capable of - you owe it to yourself.",4,"MAT will work, but like most people are going to tell you it has to be only one part of a bigger plan. I made the mistake of thinking the shot was going to cure me, no more stopping subs when I wanted to use. I ended up using up to 2 days before and it was good for a few days until I started to feel flat. I was so used to that dopamine hit I didn’t prepare myself for the situation. I would get yourself at least a few weeks of clean time and the strips under your belt and make sure you are working a program. I’m all for AA/NA, I know some people aren’t which is totally understandable. All I’m saying is make sure the shot is just one more brick in the wall and not the only brick if that makes sense. Therapy, service work, meetings, etc.  The best part about you being able to do the shot at your age is you are able to heal much quicker. I’m 42 and have no idea what it’s going to be like when these things wear off. I did 2 300s and my third will be a 100 and I’ll be done unless I can’t get myself straight. I totally understand the desire to not want to rely on medication to function forever, you shouldn’t want to or have to. The BS doctors telling young kids years ago they needed to be on Suboxone their entire lives after a 6 month Vicodin addiction is insane. Again, my best advice to you is the shot is going to give you time to get your life in order and have some normalcy. Do not take it for granted. Use it wisely and put yourself in the best position so that when it does wear off months down the road (depending on how many you get and the mg) you are prepared for it. Wish you the best of luck. You got this.",3.0,296,large,caring,R-OpiatesRecovery
Using Opiates as Medically Directed After Abuse/Addiction,"I am a chronic pain patient that is prescribed 28 10mg Hydrocodone every 2 months. I developed a taste for opiates and have been abusing Oxycodone for the last 4 months. Typically 2-3 times a week between 20-30mg and 1-2 times a week between 100-200mg. 

I am on day 3 of a mild withdrawal and want to be done with the abuse part of my opiate use.  However due to my pain, I still plan on taking opiates as prescribed. Would 2 times a week at a limit of 20mg on a given day cause issues? I’m not even sure if it is worth the ups and downs in mood and energy. ",7,"I think you are conflating dependence for addiction.  You can be dependant without being addicted, and you can be addicted without being dependant. I guess my question is, which are you concerned about primarily?

edit: if you are solely concerned about dependance/withdrawal, if you can stick to no more than twice a week, and never back to back days, yes it is possible to use them without any withdrawal symptoms. Unfortantely many of us in this sub have tried, and repeatedly fail to do the same, and similar.",9.0,119,medium,neutral,R-OpiatesRecovery
"Going into withdrawal 5 days into sublocade, why?","Hi, was on 12mg a day of suboxone 3 months. This last Friday I got my first round of sublocade. I took 12mg day of, 6 the day after. Then I think I took a 3mg on Sunday. 

I was getting out of tbe shower and I started noticing withdrawal symptoms. I tried telling myself it was fine but they kept getting worse. Finally, I caver and took 6mg and started feeling better within 20 minutes. 

Has anyone else had this experience? What was the outcome?  ",1,This also happened to me and the Dr thought it was in my head. They started with doing a bunch of ua tests at different points after my shot then they did blood tests and for some awesome reason my body wouldn’t absorb any of the shots. It happened with sublocade but I also tried Brixadi so we could see if injection sight made a difference and nope. It was the weirdest thing I could see the pellet but I was still sick. Hope you feel better. ❤️‍🩹,1.0,94,medium,optimism,R-OpiatesRecovery
Sat/Sun Feb 21/22 check in,"Hey all, happy weekend. Hope your Saturday’s going well so far.

We woke up to about 5 inches overnight, so I’ve gotta clear the driveway this morning. Not terrible on its own… but it’s the calm before the storm. We’re forecasted to get hit Sunday night into Monday with 18–24 inches from this nor’easter. We had a similar storm about a month ago and it absolutely buried us.

What people don’t realize is it’s not just “clear your driveway and the streets and you’re done.” When you get that much snow, the whole area is a mess for days — side roads, sidewalks, parking lots, random secondary areas. There’s only so many places to pile it before you run out of room. After the last one, snowbanks were basically mountains everywhere.

I’m debating whether to line up a plow again. Last storm the guy didn’t show up until 1 PM and his blade was dull, so I ended up clearing most of it myself anyway. Meanwhile they’re charging $100+ like it’s nothing. I’ve got a snowblower, but last month it still took me about three hours to fully dig out. It’s exhausting work.

So today’s plan is clear what we got, hit the store, prep, and get ahead of it before round two hits. I just really don’t feel like doing this all over again Monday. I envy my sister so much rn, she’s in Florida and won’t be back until Wednesday when this is all done. To be somewhere warm, sunny with no snow… I wish😭 How’s your weekend going so far? Anyone else in the storm zone preparing to brace for it?

Check in here!",2,"Its been raining here for most of the week, so its definitely knocking down the snowpack. 

My wife and i went to a yoga class this morning, and we're gonna go tomorrow morning too. Its really nice to do things together and its good to be doing something physically active too. Ive been a bit too sedentary this winter. Right now we're having lunch together then gonna grocery shop. I agreed to work tonight, which im not thrilled about. But we could use the money, so itll be okay.

Mostly im thrilled to be doing things with my wife, im so happy shes home and we're sober and healthy and im so thankful to have a partner like that",1.0,282,large,joy,R-OpiatesRecovery
My story trying to quit,"Im 48yo male, been on methadone and oxy since i was 20. Got popped by a state cop in 2012, and with 2 DUIs under my belt, i had to quit. But! A friend in Chicago told me about kratom, and life was great again (this was many years before anyone even knew what kratom was). So here i am, been on Kratom for 13 years, and worked myself up to a staggering 125 gram per day habit(a kilo every 10 days).
And It just quit working.  so a few months ago i lost my job and i decided what a perfect time to try and either quit, or atleast lower my dose.
    So i quit cold turkey, but drank a 5th per day for about a week to cover the withdrawal symptoms(I'm not really a drinker), And it kind of worked, and i got my dose down to a reasonable 20gpd. But i also wound up in a rehab/detox clinic with delirium tremens.  Got out of rehab, and just enjoyed my 20gpd habit for a while. Now i got a taste for vodka....shit.
So i fucked up again, wound up back in rehab for a drinking bender, but didnt take any kratom the entire time. Just got out of rehab yesterday, and im still in withdrawl from the k.  Not sure how long this will last or if those cold turkey alcohol benders did any good or not. This shit sucks, and if i can make it through this time, im never going back!!",13,How are you today?,2.0,260,large,curiosity,R-OpiatesRecovery
Looking for advice with withdrawal,"I'm looking for advice that worked for anyone here to help with withdrawal, I'm having trouble with medical opiates (fentanyl) and at this point I'm done letting opiates control my life ",2,"Gabapentin and/or pregabalin. Start when you feel first signs of withdrawals creeping in. Then some benzos of course but not too much, because the higher you go, the lower the treshold to take opioids. Take (benzos) just to get the edge off, when gabaergic meds will do most of the work. You can also take some clonidine. At least for buprenorphine wd's it is golden. Just remember that this won't cut away the wd's all together, but will most definiyely ease the feeling.",2.0,36,small,neutral,R-OpiatesRecovery
No purpose,I’m on day 4 of quitting 200mg oxy habit was around 2 years obviously grew with time and I know it’s absolutely awful but I literally cannot fathom how else to spend a weekend all I like to do is be high even though I know it’ll ruin my life ,11,Bro that’s awesome by tm you’ll feel way better I guarantee it. Keep going. You used to live without before remember tat,8.0,52,medium,admiration,R-OpiatesRecovery
going on a date,"22m going on a first date with this BEAUTIFUL woman on Tuesday, was somewhat unexpected but she’s absolutely gorgeous, she seems super cool and interested in the same things, music etc. Well at least SHE asked me to go on a date on Tuesday, also did I mention she’s super hot and cool?

Now the issue is I’ve been doing a very fast taper, have preloaded vit c for the past 3 days, and planned to get off and finally get on prescribed Ritalin in a few weeks (i have adhd); ie I’m planning to sort my shit out.

Tonight was the last night of my fast taper, meaning “day 1” would be tomorrow- I’m feeling super guilty having thoughts of extending it two days to go on this date, but then what, the date goes well, I stick to my plan and start my recovery journey properly- I meet her a week or two later, and she thinks “who the fuck is this guy?”. I’m gonna go from an energetic happy first date to a shell of a human for the second date? 

I have 5 2mg kpins, lope, vit c, magnesium and some other supplys to get me through the withdrawals- somewhat unrelated but if anyone has any extra advice would be great, last time the acute withdrawals weren’t a fun time lol. PAWS wasn’t either, I managed to go a whole month and then caved due to that monster.

tldr: do I push my “getting clean day” two days back to go on a date with super cool hot woman??",4,"Be honest.  If she bails, whatever.  Your main objective right now should be sorting yourself out.  Granted, i'm an old man.  Would I have had the same answer at 22?  No, probably not.",3.0,267,large,neutral,R-OpiatesRecovery
Starting Suboxone tomorrow,"So I posted about 10 days ago about my worsening addiction. I got some really encouraging comments and just wanted to share that I’m 24 hours off benzos and I’m starting Suboxone tomorrow at my doctors office. 

I finally feel like there’s a light at the end of this long dark tunnel. I’m excited to not be using full agonist opioids anymore. They’re ruining my life and I think Suboxone is the best option for me in my situation. ",2,hey bud just checking in. how's it been going these last few days?,2.0,82,medium,curiosity,R-OpiatesRecovery
Please god help me.,"Hi group. Been tapering oxy down from 160mg per day and now im down to 30mg.

Ive been on OXYCONTIN ER 30mg. So one 10mg tablet every 8hours.

For some reason ive gone into pretty bad withdrawal despite been on the same dose everyday for a month. Ive used no other medications or anything. 

Why? Im so sick my anxiety is through the roof. Im pacing the house. And the dizziness is insane. 

Whats happenning here?? Has anyone heard of this? ",6,Are you a woman by any chance? Hormone fluctuations can impact opiate metabolism. Perhaps this could impact men too. Not sure.,2.0,85,medium,confusion,R-OpiatesRecovery
90 days clean from Oxys - PAWS / no pleasure - any timeline or advice from ex addicts please?,"Will keep it short and sweet:   
\- I've been on Oxy 80mg x2 a day for couple of years (initially prescribed opiates for pain) and of course initially I was on much lower doses 80x2 is where I ended up at after couple of years  
\- I was lowering the dose over few months Q4 '25 and have been fully sober since 4th of Dec '25  
  
Nothing really gives me much pleasure and I keep hearing from sober people (alcohol etc.) how much better life is sober, this sounds like a mantra to me or just a fairy tale. The days months feel like one long day where nothing happens. 

The cravings have intensified now I'm off the high of getting to my high score day tally of being sober. Something that will kill the time, relax and warm me up.

If the full recovery whatever it means is another 6-9 months+ away I'd want to know.

Not looking for motivation just experience of others, feel free to be blunt.   
Thanks",19,"I’m at a year and just started feeling some joy about 2-3 months ago
Some joy ",10.0,190,medium,joy,R-OpiatesRecovery
Nearly 5 months clean!,"I genuinely never thought I’d get this far and feel this stable in myself and my recovery. I didn’t know anything about recovery before now. I’ve been an addict for over 8 years and spent years desperately trying to get clean with different maintenance, hospital’s and rehab’s (look at my post history) - but I finally did it.

Recovering pain killer addict ❤️",20,Congrats man. I'm on day 6 cold turkey and rn I really doubt if I can make it. But posts like yours give me hope.,8.0,67,medium,gratitude,R-OpiatesRecovery
Sublocade and 8 months sober from opiates.,"I could not have done this without the shot. I have so much pride and gain confidence in myself every day. Knowing I can be fine without any type of daily dosing is.... fucking empowering! 

I am just here to say if you are curious about the shot but afraid to do it.... what's scarier than needles and a monthly injection is relapsing and dying. The drugs out there are filled with shit that can ruin your body amd seriously hurt and kill you. Xylazine almost took my arms! My hands! 

But here I am. 8 months sober for the first time in 15 years. Life is good guys! And there is hope out there. Consider the shot if you are struggling, I swear you won't regret it. 

I love you all. ",48,Sublocade saved my life also.,13.0,139,medium,caring,R-OpiatesRecovery
Support and encouragement needed-heading to in patient in 2 days,"I’ve never been…I’m ready to be clean and glad I’ll be medically detoxing but also scared. I’m 8 years clean off a Percocet l/Oxy addiction but started using tianeptine (Tia) which is illegal in many states but unfortunately still legal in mine. Up to five bottles a day and it hits the opiate receptors in the brain. Also kratom but that’s not as bad. Also have serious mental health issues, I have a bipolar 2 diagnosis. they’re doing detox followed by inpatient. I’ve got two kids gonna miss the hell out of and I am worried about my business crashing and burning because I’m self-employed. They did promise me I’d be allowed to use my computer for a couple hours a day after I get out of detox so that’s encouraging at least. I guess I just want to hear that I’ll get through this and it’s not an absolute nightmare scenario. I have to get clean for my family and happiness. All I ever think about is when’s my next high going to be. I’m not mentally present for my kids at all. ",6,You got this!,2.0,194,medium,neutral,R-OpiatesRecovery
Memantine and Withdrawal,"The NMDA antagonist memantine attenuates the expression of opioid physical dependence in humans - 
 https://share.google/0qplVkohvtsn65BGq

Note that this is a study, not medical advice, but I have found it effective for kratom. 

This study also simulated withdrawal with naloxone, it didn't use abstinence withdrawal. 

Got banned for mentioning it on another popular addiction sub, so thought I'd bring it up somewhere else, because it really doesn't get mentioned enough. ",2,[removed],1.0,72,medium,neutral,R-OpiatesRecovery
Tapering off Bup,"Been on buprenorphine for 9 yrs....7 sober....8/2 tabs
tabs
Before Christmas went from 3-6 tabs a day
Which i know was tapped out...but still an addict so I even knew it wasnt doing extra...
Anyways went down to 1/4th tab in the mornings...yesterday started 1/4 every 36 hrs...

I tried to do 48 but was on my way to a meeting and I wouldve been miserable...for myself and everyone else with my sneezing and shifting and sniffling.

Anyways...hopefully I can get off this stuff. Thanks everyone for sharing their valleys and mountains!",3,"Getting off Suboxone was infinitely more difficult than getting off heroin. Was on it for years and when I finally decided to start tapering, I felt like I was physically sick for months. When I finally jumped from .5 mg a day, I was sick for 60 days, PAWS lasted for 2ish years?

But I realized pretty quickly that if you can get through the first week or two, it's about 90% mental and 10% physical after that. The more you think about it, the worse it gets. But it was the best decision I've ever made in my life. I'm convinced bupe caused a variety of physical health issues that I've been dealing with since getting off.

Best of luck to you, take the taper slowly and try to give yourself some grace. Talk to people you trust if you start craving.",2.0,95,medium,realization,R-OpiatesRecovery
38 days now off Methadone.,"What a long crawl this has been. I’m still not 100% myself but I feel so much better than the first couple weeks. I didn’t taper properly but I didn’t have time to. All in all it worked out. I’m starting to have good days here and there. I feel really proud of myself because there was a few times I almost relapsed but I toughed it out. Every medical professional implied that I would too. And I had to rawdog the withdrawal for the most part. All I ever got was a limited supply of clonidine. Which probably saved me from giving up. All I can say is if you’re 100% ready mentally and you’re done. It’s worth the pain. Now I’m just trying to fill my days with dopamine hits from classic movies I love, music, time with friends when I feel up to, etc. ",24,"Congrats! You’re a stronger person than I am! I was on methadone for 4 years, highest dose 165 mg but I tapered slowly and jumped off 10 mg because I lost my insurance. But I still went into the worst withdrawals imaginable and after 35 days of pure hell & 0 sleep, I said fuck it and relapsed back on fent just to somewhat function. 6 months later and I finally kicked fent using a 30 day Suboxone taper. I’m a month clean off everything now, which is the longest I’ve been sober since I was 13. I’m feeling better than I felt in years. Methadone is a helluva drug to kick, so great job!",11.0,152,medium,admiration,R-OpiatesRecovery
Losing It,"I was at 200mg last February now I’m down to 10mg. Tapering hasn’t been that bad, and as it was progressing I realized that I was feeling so much better. I didn’t really know how much methadone was suppressing my emotions and other aspects of me until I was getting towards 40ish mg. 

Now at 10mg I don’t know if it the dose, or the fact that I am so isolated in my current situation. I feel imprisoned my self, and my perceived lack of, whatever my brain tells me I need. I do really feel like I need more support, but somehow I don’t few like I can go out and get it. 

I don’t know if it’s shame, or depression, or if it just my addiction wanting to pull me backwards again. 

I have been meditating a lot, and sometimes I am able to find acceptance and patience, but right now I was to explode and be done with all this suffering. I don’t want to die, and I know I’m not going to,  it damn it seems like it would be nice to just evaporate for a while. ",8,Sound like your detoxing if you make the jump it’ll be like that just more uncomfortable I believe but would be much better than jumping off at 200 mg,2.0,193,medium,approval,R-OpiatesRecovery
Day 31 - 1 MONTH,"Today marks my longest stint of sobriety and it feels like there is light at the end of the tunnel. I have began repairing relationships that I ruined during addiction which has helped me massively mentally. Still don’t have anyone in my life that I can talk about my addiction with and not telling the people close to me was creating feelings of guilt but I know I’m better off not talking to them about it because they don’t understand and never will, so I guess I’m at peace with that. Sleep was interrupted last night but I woke up feeling refreshed even with 4 hours sleep and was the first morning I woke up not wanting to put a bullet in my head (hyperbole I don’t have a gun😂). Appetite is greatly improved even with a bit of GI issues still. My biggest problem now is my libido returning (suppressing my libido was a huge factor in my addiction). I am going to move to a new location very soon as soon as I can and when I’m back at work full time because everyday I fear relapse in this environment and it will be good for creating new habits to move out. I do have to return to work for one job this week tomorrow and it will be the first time working sober for a year and I have no stash and can’t score before but it’s the first time I haven’t felt I needed it to go to work.",6,Keep going strong.  You’ll surround yourself with better people and good habits snowball gaining momentum.,1.0,258,large,caring,R-OpiatesRecovery
I need help (trigger warning),"Hi everyone. I have been with my bf for two years. He’s had an addiction to opiates for six years now. In our time together I have seen a lot, and I even had to save his life once. 

I don’t really know what to do. We started going to NA meetings together recently and he says he’s been clean for two months, but then we will hang out and he’s nodding off… and he says it’s from sleep deprivation and I’m unsupportive of him. He even said his drug dealer is more supportive because when he asked his drug dealer to scoop some, his dealer talked him out of it. But it’s hard to believe when his pupils are pinpointed, he’s falling asleep standing up, and he doesn’t seem himself.

The days he’s sober and talking openly about his addiction and wanting to get better I feel hopeful, but then the next time I see him he’s not himself again. And if I suggest rehab or a halfway house, he says I’m unsupportive and those are only for junkies. At this point I have tried everything. I didn’t talk to him for three months even. And his mom and I talk and even his mom has told me it would be best for me to leave him because of how he treats me when he’s using. What’s sad is that he believes they make him better, but they honestly make him abusive 🥺. 

One night he had no money and he kept asking me for some and said he was just gonna shoot himself because he had nothing so I ended up sending $100, and even though he sent it back to me when he got paid, I feel like I’m just enabling him when I do that but then I feel really bad. 

I don’t really know what to do. I understand that opiates are like food and water to him, and it makes him behave irrationally. But the lying is out of control. He’s been pathologically lying about his addiction the entire time we have been together, EXCEPT the times it seemed like he actually wanted to get better. But in those times he would think he could do it himself, wouldn’t get outside help (refused even a psychiatrist, subs, therapist, etc) and he would end up relapsing and falling back to where he was before.

It makes me really sad to watch bc he’s so sweet when he’s himself and I keep hoping he will soon want to go to rehab. Otherwise I genuinely don’t think he will get better but I don’t think he wants it because he’s still refusing rehab right now. I guess I’m looking for honest advice on what I should do. Thank you for reading",6,"This hurt to read. I was your boyfriend in my last relationship, and it drove away the woman I hoped to marry. Unfortunately moving past opiates required some character development that I just couldn't get while dating. Took 2 years of being single and miserable before I was able to pull my head out of my ass.

If he's anything like me, and it sounds like it, then he's probably stuck in the phase where he knows he can get off them if he really tries because he's done it before, but then he gets stuck in the post acute withdrawal stage where he's always lethargic and anxious and withdrawn, and then he turns back to opiates because its the only way he can feel like himself and feel like he's good enough to participate in life. When you're stuck in that cycle for long enough, it's really easy to believe that the drugs genuinely make you a better person, even when it's clearly not true. I'm sure he wants to be a better partner, but the drugs make it really hard to see the path from point A to point B. 

I hate to say this, but what's most likely best is that you move on. He has to learn to fight his battles and put his life together, and that's something you really can't help with, particularly if he's not willing to talk to an addiction specialist or go to treatment.",5.0,469,large,disappointment,R-OpiatesRecovery
Day 23 CT 2mg Suboxone,"Good morning everyone, hope you're doing well. An interesting thing happened to me yesterday. One of my relatives who is really into personal health (also the one who found me all the supplements I mentioned before) suggested taking methylene blue for fatigue and depression associated with PAWS. I was cautious at first, but after doing some research, I decided to try it out. Within 1-2 hours, I surprisingly felt more energized. Not sure if it is placebo effect, so I'll be taking low-moderate doses daily to see the long-term impact. It's also acts as a MAO inhibitor, so it prevents your brain from getting rid of neurotransmitters like serotonin, norepinephrine, and dopamine. 

Otherwise, I'm doing alright. Mornings are always a little rough, but I was never a morning person even in my life before drugs. My mood normally improves as the day goes on. I did some much needed chores around the house and made an awesome sushi dinner with green tea. I spent the rest of the day studying for my classes. I managed to get a surprising amount of work done last night, and now I can spend the next several days preparing for my exam. Anyways, that's all I've got for today. I'll see you guys tomorrow, as always. ",6,,,217,large,neutral,R-OpiatesRecovery
Brixadi?,"Edit: just realized I spelled it wrong but can’t edit

Okay so what I don’t understand is these medications are all the same thing. Buprenorphine. How can a company copycat a drug. Wouldn’t there be copyrights or some form of protection? I’m sure Sublocade’s company would be pissed another company straight up stole their drug. Thoughts? Is there something I’m missing? Make it make sense.",2,They are formulated differently and the original patent on buprenorphine is no longer exclusive,4.0,66,medium,neutral,R-OpiatesRecovery
Oxycodone and Hydrocodone detectable in lab UA,"What experience do you guys have with detecting Oxycodone and Hydrocodone in urine after ONE day of heavy use over the course of 8 hours or so? I see the standard to eliminate a drug is between 5 and 7 half lives. Being Hydrocodone and Oxycodone both have an average half life of about 4 hours. The consensus is it’s detectable in urine from 1-4 days. So how is it that most of each drug is eliminated after 20-28 hours, yet it can be detectable for up to 96 hours? I may have a random coming up mid to next week, and I also may not. I would appreciate anyone who can share a personal experience relating to a single day of heavy use of both substances, or even shed some light from a scientific standpoint and help put all this into perspective.",1,"the drug gets eliminated between the 4th and 5th half life

they test for its metabolite tho",2.0,150,medium,neutral,R-OpiatesRecovery
Does the length of usage affect the length of recovery?,"Ive been on opiates for 30 years now, and just getting off. And im wondering if my recovery time would be longer than someone who was on them say...1 year or 5 years.
   Im not talking about the acute first 10 days, im talking about paws,  lethargy/energy, and anhedonia. Any knowledge would be greatly appreciated, thanks!",3,"I used for like 4 years straight (heroin) when I was 19-22 years of age and I went through the most horrendous withdrawal (I got the bupe shot in detox) it was 1999 and I didn’t know that you couldn’t have dope in your system. So I loaded up before I went into detox and then went through PWD. It was so hard. When I left they didn’t give me any helper meds. I suffered for 2 months- NO sleep, an hour here or there. THINGS ARE MUCH BETTER NOW!!!! We have maintenance drugs. Or you could do a taper. Or you can get helper meds. We know so much more now. The more you know the more power you have in your own personal recovery. I’m 50 years old now and I’m currently on Suboxone. I went a full 20 years without anything. I birthed, and raised 3 kids clean. Unfortunately I relapsed when my father died on his drugs that he left behind. That was a little over a year and a half ago. I made the choice to go on Suboxone this time. However my first time I just barely knuckled it and I survived on NA meetings and I lived in a halfway house. There are many options out there. There’s many routes you can take. Research everything and take the path that is right for you. My partner has been on methadone for 7 years. His ex girlfriend is on Suboxone. Then I have many friends in recovery that take absolutely nothing. It’s your body, your recovery. It’s never easy but what goes up must come down. Good luck to you and on your journey getting clean.",5.0,66,medium,optimism,R-OpiatesRecovery
Does sweating speed up the process,If it try to work out and sweat a lot and drink lots of water and electrolyte drinks would it speed up detox and recovery process ,2,Not really and watch excessive working out as your heart rate and blood pressure is already super raised in W/D. Don’t wanna do any damage to the old ticker. I’ve had only just a 20mg drop in my oxy taper per day this week and my face is clearly red as a tomato and can feel my heart thumping. Don’t underestimate it. We all wanna speed up and be better as quick as possible. From my experience it never worked for me and just got me back to square one,4.0,32,small,caring,R-OpiatesRecovery
Detox Protocols,"im starting to give up on finding a detox. The ones I've been to promise the moon and then play dumb when you tell them what the marketer on the phone told you about private rooms and comfort meds. They say you'll meet w the doctor and get a detox protocol that

 is tailored to my needs and history. what a fuck ing bullshit lie that turned out to be.",4,"It’s sad, it’s maddening. Imo, it’s completely unacceptable, and it’s getting worse (avoiding writing the scathing explanation I want to right now). I would actually love to be a part of legislation that seeks to make misleading information from institutions (including some absolutely insane *straight-up lies* I could reference, endlessly). 

General PSA: If you’re calling a number off the web, you are going to speak to someone with no real affiliation with the attached treatment center. That person is usually on a different side of the country and has no knowledge about even *the most basic* elements about a program — let alone the specifics people in this position NEED to know. They have a script and some arbitrary bullet points. This is an issue I encounter all the time working on people’s behalf — and why my database of facility specifics continues to grow. 

I hope you don’t give up, but I totally validate your frustration. If you’re wanting some pointers, you’re welcomed to reach out 💞.",4.0,72,medium,optimism,R-OpiatesRecovery
Recovery Timeline,What was the most difficult symptom or symptoms you experienced in post-acute withdrawal from long-term opiate use and how long was the duration of the post-acute stage? At what point did you feel as if your brain chemistry had finally gotten back to a more normal state? ,2,"I feel as this varies from person to person based on a wide variety of factors such as specific opiate used, length of use, and a variety of physiological and mental factors.",1.0,49,small,neutral,R-OpiatesRecovery
"I made it, Once again!!","  I pay my phone bill every month and this month it had slipped my mind, I didn't notice until I got a notification ""You didn't receive a text message due to service interuption"". So I went and had it back on by 2. Sadly, That text was from my clinic telling me to come get take homes, clinic was closed Monday (My normal pickup day). Since I didn't get this until Saturday, I knew I was screwed and would have to do without. Thankfully I had taken it right all week, and was only about 1.5 days short. So I made it through Monday like a champ. it is strongly psychological. ",5,Well done you!! I had a delay in my weekly injection due to the public holiday.  Not as bad as missing subs but the yawning and watery eyes I could have done without lol,1.0,116,medium,amusement,R-OpiatesRecovery
Day 10 CT 2mg Suboxone,"The double digits are finally here. I'm starting to notice a slight improvement in my fatigue levels over the last few days. I am able to do more strenuous tasks without feeling as winded as before. Vivid dreams are starting to come back too. I did have part of a nightmare about relapsing, but I woke up around 2am and realized it was just a dream thankfully. Another cold shower and I was back to bed. I'm also beginning to talk and laugh more which is a good sign. Even food cravings are coming back. Sleep/temperature issues and fatigue are still there, but I can sense gradual improvement. I'll check in again tomorrow with updates!",7,"Hang in there bro, I'm on day 7 today, feels like I'm being born again honestly. It's wild. I haven't slept a wink in probably 5 days straight.",3.0,120,medium,neutral,R-OpiatesRecovery
“Bugonia” *spoiler alert*,"watching this guy desperately, covered in blood and filthy, HUNGRY, DRIVEN…. ride his bike to and from his mother in the film “Bugonia” evokes that same trigger as riding my bike guns a blazing to the dope man.",5,I feel that,2.0,41,small,approval,R-OpiatesRecovery
Day 19 CT 2mg Suboxone,"Good morning everyone, I'm back again to check-in. Honestly, there is not too much worth noting this time, but I believe this is a positive sign. I managed to get a full uninterrupted night's sleep (8 hours). Maybe it's due to the relatively low dose I was taking or various other factors, but this is fairly early compared to what many other people report. This is just my two cents, but I wonder if people who take sleep meds like benzos during recovery actually delay their body's ability to fall/stay asleep naturally. I've heard of a similar concept with taking kratom during recovery actually extending PAWS since it strains the liver and delays the brain's chemical transition from opiate receptors to dopamine receptors for natural satisfaction. Let me know what you guys think. I'll be back tomorrow, as always.",3,,,144,medium,neutral,R-OpiatesRecovery
Mourning myself,There’s this moment in recovery where you start mourning your old self. The one who didn’t make it out. I didn’t expect grief to be such a big part of getting clean.,5,I have survivors guilt.  So many of the people i used to run with died from od'ing.  Some truly beautiful and talented people...it makes you wonder during the small hours of the night.,2.0,34,small,sadness,R-OpiatesRecovery
When do things improve substantially?,"I am 45 days out from a 8 year kratom/suboxone/etc addiction. I was feeling good 2 weeks ago, but ran out of gabapentin and then out of my sleep pills doxepin, and it's like I'm withdrawing all over again. Sleep is a transient awakeness, sweat is filmed, and I'm cold all of the time, tired all of the time. I have a new job starting in 10 days. I know I need to hold the line I'm just amazed at how the withdrawal ebs and flows.",5,"Thats the issue with using comfort meds. You gotta get off those too. 

I would bet that in 10 days you’ll be feeling good enough to work. 

Sleep is the most crucial thing and it will come back. Takes time. Everything you’re feeling can be due to lack of good sleep. 

Keep your sheets clean",5.0,91,medium,caring,R-OpiatesRecovery
ANR HORRIBLE EXPERIENCE,"If you have had this treatment, especially if you had it in Georgia (the country not the state), please PM me and tell me your story, I will tell you mine. I want to sue these people for what they did to me and there is power in numbers. NO ONE should have to go through what I did. ",1,I’m seeing a lot of posts about ANR lately. It’s a shame their sponsored Google advertisement seems to be doing a hell of a job because people keep going even though horror stories abound.,1.0,62,medium,disgust,R-OpiatesRecovery
"What are your opinions on the MAT program? If you have personal experiences, I would love to hear your stories.",,2,Suboxone is good for a week to get off opioids. Not long term use. It rots people’s teeth out and lowers testosterone significantly and is a living nightmare to come off of. Yes there is a shot form that can ease you off but it’s priced out of a lot of folks budget. I was on it for years and it made me feel like a bit of a robot. Methadone is too regulated and it can also easily be abused along with any other street opioid simultaneously unlike bupe making it often just bridge dope.,2.0,20,small,neutral,R-OpiatesRecovery
Finally been doing good for a lil over a year and now I might be screwed.,,1,"I go to a community health center that has a $5 generics program for cash payers.

Use Google to find a 340B ""covered entity"" in your area. Federally Qualified Health Centers (FQHCs), Tribal health clinics, Indian Health Service (IHS) facilities, and ""disproportionate share hospitals"".

Some, like the clinic I go to, use the funds generated through 340B to heavily subsidize the cost of drugs for uninsured patients and for drugs not covered by Medicaid/Medicare.

[https://www.ihs.gov/findhealthcare/](https://www.ihs.gov/findhealthcare/) (most likely to have $5 or free meds. ask if they have a ""open door"" policy if you're not a tribal member)

[https://findahealthcenter.hrsa.gov/](https://findahealthcenter.hrsa.gov/) (most likely to extend sliding scale to pharmacy, may also offer $5/free meds. requires enrolling as a patient of the clinic)",1.0,16,small,neutral,R-OpiatesRecovery
From Barely Functional To Feeling Better Than I Ever Have In My Life,,1,,,13,small,neutral,R-OpiatesRecovery
TW⚠️ My Close Friend Is Doing Drugs & I’m Worried,,2,,,10,small,neutral,R-OpiatesRecovery
"2 años y 2 meses limpio, tengo ganas de fumar y consumir alcohol, sentirme adormecido","les juro que me está costando, demasiado... tengo ganas de llorar me siento mal emocionalmente",2,Smoking makes you more stressed and more depressed. Nicotine addiction is a very insidious soul-eater.,-1.0,30,small,sadness,R-OpiatesRecovery
MY STORY OF HOPE AND FAITH… REINVENTING MYSELF THROUGH MY ADDICTION TO HEROIN AND EVENTUAL RECOVERY.,,1,,,16,small,neutral,R-OpiatesRecovery
How many went without?!?!,"Lucky me my phone got cut off Thursday night, And I missed the text saying my clinic would be closed Saturday and Monday!!! I ended up only being one day short, which made it much easier. Feel really bad for anyone that missed Saturday, Sunday, Monday.",1,,,50,small,neutral,R-OpiatesRecovery
Feeling absolute defeat - day 32,"Yesterday I felt like a million bucks, today I’ve been impulsive, angry, depressed and suicidal. Destroyed weeks of repairing my relationship with my brother over stupid bullshit but it always has to be me who feels guilty and he always has to be fucken right so fuck him. Went on multiple random outbursts at my parents. Was seconds away from relapsing. I don’t even know any more. Where am I going. When does it end. ",1,"Good for you for not relapsing. Some days, just not using is the best we can do, and thats still worth being thankful for. You get to wake up to day 33 coming up, instead of day 1.",3.0,81,medium,gratitude,R-OpiatesRecovery
QuickMD doctors just want to push suboxone,"Had first appointment with first doctor. I asked for gabapentin and clonidine, how it’s worked for me before, how it’s not controlled in my state. She insisted on suboxone, if it didn’t work out she would prescribe me gaba and clonidine on the follow up.

So I follow up with another doctor who can see the history. I tell him how I got prescribed subs but I want don’t want subs this time, I want gabapentin and clonidine, it’s been prescribed for me before and it works. 

He goes on a spiel about how gaba is only a band aid for the physical symptoms(no fucking shit), I said “obviously, it kills the restless legs and lets me sleep until the withdrawal wears off”. 

He then changed subjects to how psychologically I’m not ready and how he gets hundreds of patients a day who are prescribed suboxone and are successful and I “ need to be on suboxone and I can’t just stop because my receptors don’t just fix themselves in a week, and the gabapentin will cause withdrawal itself after 7 days”. 

I told him again I’ve done this before, psychologically I’m ready, I’m tired of this drug, I don’t feel euphoria anymore, and when I’m starting to get sick I truly feel good listening to music or watching films, something I don’t feel when I’m high. I’m ready. And no it won’t cause withdrawal.

He repeats the same thing about how I used 7 day suboxone script wrong and how It’s a long term medication. I ask how long? He said “truthfully there is no real date, a lot of my patients have been on it for years” 

That’s all I needed to hear. I had enough. Told him off about how he’s just pushing big pharma to enrich himself etc etc 

FUCK QUICKMD FCKNG GARBAGE COMPANY WASTE OF A $100 ",27,"I mean, he’s not wrong. By your own story it sounds like you’ve attempted to quit using gaba a number of times. 
That’s the key bit, it doesn’t seem to break the cycle which is what he’s getting at. Bupe is hands down the best option for filling receptors and reinforcing positive lifestyle changes.
The fact that you literally can’t get high for over 24 hours post previous bupe dose always made it sooo much easier for me to defeat addict thinking",45.0,319,large,approval,R-OpiatesRecovery
"I'm trying to advocate for people in opiate withdrawal, because nobody should have to hang themselves to find an end to the pain.","Emergency Access to Withdrawal Relief

Opioid withdrawal is not “just the flu.” People who haven’t lived it think it’s about some body aches or nausea, something you can grit your teeth through. But the reality is far more brutal. Withdrawal can feel like being trapped inside your own body while every nerve screams. It is panic, desperation, crawling-out-of-your-skin agony, and for many, a psychological torment that pushes them toward unsafe choices or even suicide. People hang themselves or overdose during withdrawal—not because they are weak, but because the suffering is indescribable.

Right now, in the United States, people in acute opioid withdrawal have almost no rapid, legal, humane way to get relief. Emergency rooms often send patients away with nothing. “Comfort meds” can only do so much. Methadone clinics require long lines, paperwork, intake processes, urine tests, and strict schedules—things a person in severe withdrawal cannot realistically navigate. Buprenorphine can be life-saving, but access is still too limited, too slow, and too dependent on finding the right provider at the right moment.

When someone is in crisis, time is everything.

We need a fast, legal, medically supervised alternative—something people can access immediately to stabilize themselves until they can enter a longer-term program. The system treats withdrawal as a moral issue instead of a medical emergency, and people are dying because of it.

Imagine if we treated heart attacks or asthma attacks the way we treat withdrawal:
“Sorry, come back at 4 AM for intake.”
“Try again when we have time.”
“You’ll just have to suffer through it.”

This is unacceptable.

People in withdrawal deserve:

Emergency access to safe, fast-acting medication that prevents crisis, self-harm, overdose, or relapse.

A walk-in, no-barrier stabilization option—just like urgent care—staffed with medical professionals trained in addiction medicine.

Policies that acknowledge withdrawal as a true emergency, not a moral failure.

Legal and accessible medications that offer immediate relief while someone waits for a full treatment intake.


We already do this for countless other medical conditions. Why not for opioid withdrawal, where the stakes are literally life and death?

If we want to save lives, reduce suffering, and give people a real chance to recover, we must treat withdrawal with the urgency and dignity it deserves. No more turning people away. No more making them wait hours or days while their bodies and minds are on fire. No more preventable deaths.

People deserve compassion.
People deserve relief.
People deserve a system that doesn’t make them beg for help while they’re fighting for their lives.",129,"Thank you for a well thought out solution for the biggest barrier addicts face when we finally decide it's time. Medical professionals, in too many instances, tend to know less than the addicted population but nobody would listen to us about the things that have been tried and actually help. It feels like we are way behind the times in handling acute withdrawal. Even different treatment options.",24.0,440,large,gratitude,R-OpiatesRecovery
"I relapsed and shipped oxy's to my house, what i should do ?","After the case that my mom bought me in, accusing that i hit her basically and the case got dismissed and there was an violent argument between m'y lawyer and my dad and i defended m'y lawyer m, my dad decided 5ommto kick me out of the house. He dind't really do it (he might do it soon), but i decided to relapse first on codeine then oxycodone, they should be in my house in 3-5 days.

What should i do ?",0,"What should you do? - throw them away 

What will you do? - get high

You know that, we know that.  We've all been there... wishing you luck.

Not sure why you posted this here... but those ""oxys"" you ordered are almost certainly fentanyl presses, dont OD.",8.0,95,medium,caring,R-OpiatesRecovery
what does overdose feel like?,"Hi guys, this is a very bizarre question and I’m very sorry if it’s not an appropriate place to ask. I myself am clean from drugs for 8 years (meth) and sober from alcohol for almost 1 year. Ive almost died from drinking withdrawals multiple times and that was agonising, but I’ll get to my question now. 

My best friend of 10 years and partner of 5, recently fell into a drug induced coma due to prescription benzo/opioid overdose, shortly after he died due to respiratory failure, he was found after he had already passed away. What would he have experienced in his last moments? Was it peaceful? Painful? Would he have had any clue he was dying at all? I just need to know. I’ve had my own experiences with alcoholism but I’ve never cared for pills, I don’t even like taking pain killers when I need them. So I’m sorry if it’s a rough question, but I’d love to know the answer from someone who’s survived it, even if the answer isn’t nice, I just really want to know what he experienced in his last moments, thank you. ",18,"I’ve overdosed twice, my mom said i was blue in the face and not breathing, so i assume i was pretty far along in the process. To me, it was just like being asleep. I woke up confused, wondering why police were surrounding me in my bed room. it was peaceful, more or less. just blackness. the void. ",41.0,195,medium,confusion,R-OpiatesRecovery
"This time it's for good, The River of Deceit","I am done. 

I know those words have been uttered before countless times, I am done. The feeling of endless withdrawal, emotional emptiness, crippling anxiety and overall loss of the joy of what life is all about, I am done. I want to enjoy life for the good, the bad and everything in between, I am done. My secret is my own, my struggle is my own, I am alone in this once again, I am done. 

Please give me the strength to overcome this nasty, ugly, deceitful secret that eats away at me. I do not want this anymore, it's time to take my life back. I am done.

To everyone struggling, I wish you the power and will to be done. 12/28/25 is my attempt at life again, I am done.  


For me, this song perfectly depicts and sums up our internal struggle, in the words of the late great Layne Staley, his river of deceit. So powerful, so real, if you are dealing with any type of addiction, this will resonate like nothing else.

[https://www.youtube.com/watch?v=Fm72DPJCX58](https://www.youtube.com/watch?v=Fm72DPJCX58)  
""River of Deceit"" refers to the iconic song by the grunge supergroup Mad Season, meaning a state of being lost in self-inflicted pain, addiction, and illusion, where one feels they are drowning but must choose to swim to shore or succumb, inspired by Layne Staley's struggles and Kahlil Gibran's The Prophet. It's a powerful metaphor for internal conflict, addiction, and the struggle for healing, where one recognizes their pain is often self-chosen but feels trapped in its flow.  ",9,"Good on ya, and stay strong.  


I recommend checking out Mark Lanegan's Sing Backwards and Weep; he narrates the audiobook, and it's stellar. He was good friends with Staley.

  
Cheers, mate.",2.0,265,large,admiration,R-OpiatesRecovery
Help Me,"I’m so tired man, I’m about to do a kick from 7-oh/fake oxy, tapered down to 30mg over the lasts two/three days, originally at 180/260mg per day, Ive been stuffing kratom and adderall down every single day over the last three months to make it through work, ironically got the best job offer ever, during the worst part of my life. It’s union tho, and with my 90 days done, I can take time off/be sick for a few days without too much worry even though I’m in a position of high leadership. I’m barley 25, been using off and on since 15. This isn’t my first kick, this probably won’t be the worst one, but in my soul I’m so dead inside, I’m dying, I’ve never lost so much weight, hope, and drive ever.. I managed to get two years clean and it was the best time of my life EVER. It was hard, it sucked and there were so many tears those first six months, but I can still taste the differences in my soul between then, and now. I’m done with it all, the kratom, the pills and needles, the circumstances that have left me so alone, hundreds, potentially thousands in debt, near death, and without anything useful to hold on to other than the knowledge that if you don’t get help, you’re going to die, sooner or later. You just don’t win, and I’d rather be dead than continue a life built on so much pain. 

I’m getting a weed pen, taking the next three days, and I genuinely just need some hope, some advice or anything to latch onto from other junkies/addicts that recovered. I know what to expect, I just haven’t gotten through a kick since I relapsed a year ago. I’m hitting meetings once I’m well enough, and want to put everything in my power to take my life back. Whatever it takes, I’m going to fucking recover.  ",13,[deleted],3.0,327,large,neutral,R-OpiatesRecovery
Moved to the UK from the US and got addicted to codeine again. Fuck.,"I’ve been taking about 100mg of codeine every day for about a year. It wasn’t legal to buy in the US. Now I have access. 

More than that, I’m worried that all of the pills I’ve been taking are riddled with Paracetamol and ibuprofen. My sides hurt and I think I’m dying.

How hard would it be to just stop? Also… what the fuck? I’m a former heroin addict and I thought I had kicked this. Please help me. ",7,"Dude if you're an ex user of real H at this point you're not even getting anything out of this low dose of codeine. You are actually straight hooked on placebo affect. You are destroying your body for nothing, just stop.",6.0,93,medium,annoyance,R-OpiatesRecovery
My bf ran out of his medicine and I don’t know what to do.,"My bf (24m) got clean about 10 months ago from a really dangerous habit. He takes Suboxone but told me he ran out yesterday and the pharmacy he ordered it from didn’t have it. He just started a new job and I’m so scared and frustrated he’s going to be too sick to work tomorrow. I just feel like he’s so immature for running out and he’s not taking his sobriety as seriously as he should. This has been a problem for a while, he doesn’t take his medicine consistently and will wait until his eyes are watery and he looks horrible and then proceeds to takes too much to overcompensate. I just feel like if he was more disciplined with it he could ween himself onto a lower dose and eventually get off of it but he doesn’t. He went to bed early tonight and is currently sweaty and thrashing about next to me. Is there anything I can do for him? I don’t want him to lose this job opportunity. Selfishly, I don’t want to take care of him either right now, I am overwhelmed with my own responsibilities and I feel like this shouldn’t be my problem. He’s grown enough to take care of his own health.

Edit: thank you everyone for giving me such good advice and support! FYI THERE ARE PEOPLE TROLLING THIS SUB LOOKING TO SELL PILLS ETC. PMING ME! Please be safe everyone. ",56,"oh hun........ you have no idea how far away from actually being selfish you are rn. I know that might sound cliche, but you have your entire life ahead of you, and right now you're spending your 20s attempting to take care of someone who's too immature and irresponsible to take care of themselves, recovery or no recovery. you will burn yourself out SO fast doing this, if you haven't already, because you cannot force or will someone to change or grow up. this speaks to a deeper immaturity than just him not taking his recovery seriously. if withdrawal symptoms aren't enough to keep him from managing his own medication, then it's extremely unlikely that he's all the sudden going to change that, and you will drive yourself insane trying to convince him, change him, or do it for him. 

I speak as someone who is both in recovery and as someone who wasted my entire 20's attempting to ""manage"" and parent an immature man child into being responsible (which is a contradiction in and of itself because no one is going to grow up when they have someone doing all the heavy lifting for them). in fact, my years doing that is one of the things that led me into addiction when we broke up, because I'd built my entire identity around trying to turn him into something he wasn't going to be no matter what I did, and I didn't know who I was without that, and the amount of resentment I held for him at that point is something I'm still dealing with this years later. idk how long you've been together, or if you're in recovery too, but regardless I promise you that if you continue down this path it will poison both your present and your future. 

I'd also highly encourage you to get therapy for yourself because it's concerning (and very familiar) that not only are you not seeing how truly wrong this situation is, but you're actually calling *yourself* selfish because you don't want to ""take care"" of your own boyfriend, who is an adult. it's not normal for anyone to have that expectation of us, ESPECIALLY ourselves.",83.0,254,large,caring,R-OpiatesRecovery
140 days clean,140 days clean I got my life’s back I just wanna tell anybody having problems with wd man you got this your life is on the ever side merry Christmas🙏🏾,8,Congrats bro im 140 days clean too today! If we did it anyone can do it. ,3.0,33,small,gratitude,R-OpiatesRecovery
I’m 75 days clean if anybody is going through it right now you got this we love you🤟🏾,🫵🏾,35,Thank you - this is a very kind message. Congratulations on 75 days that's terrific!!!,5.0,19,small,gratitude,R-OpiatesRecovery
Bupernophine,Can anyone tell me what it feels like for the first time I am starting it soon but I am a little nervous as to how it’s gonna feel ,7,"Bupe induction is extremely important to do properly.

Starting off slow at 2 mg and increasing 2 mg every 2 hours until stable is probably best...make sure your dr isnt one that wants to slam 16 mg right at the 24 hour mark right off the bat.  Not all bupe drs are safe bupe drs.  Id wait at least 24 hours and have them do the COWS scale 2x before induction, usually an hour or so apart.  Less is more with bupe so when you feel stable, keep it there unless you need to take more later.  Dont try and do a big dose to feel something bc higher doses are often linked to nausea and feeling like absolute trash.  The low mg bupe goes by might sound like a low dose but they really arent, bupe has 10x higher affinity for opioid receptors, they latch on pretty strong and are long acting.  

It feels...like what your normal is now using when you arent sick, but without the nodding and without the euphoria if you even get that anymore.  If you dont get euphoria from using at all, it feels better than the numb feeling.  Its feels like peace that your body has been desperate for for a long time.

To answer your question, it can take some time but the first day youll be out of wd, and your dose may fluctuate in the beginning.  You wont be sick tho the way you might feel when starting methadone bc unlike methadone, bupe is easy to reach stable dosing very quickly.  Usually after you can take the same dose for a week youre stable.  But youll feel great quickly and relief will be damn near immediate.  

The first dose you take takes about 30 minutes to kinda kick in, so often times they admin 2mg and then in 2 hours run the cows scale again and ask you how youre feeling and then you might take 2mg more, repeat until youre comfortable.  Sometimes people do better split dosing, i have to split dose or I go into wd at night even with doubling my dose, so I dose every 12 hours.  Its possible theyll send you home with a couple pills incase you need to take more later on but that varies by dr.  Stability happens quickly.  

If you decide to get off bupe, a long slow taper is best to avoid the withdrawal everyone is talking about.  Its a long acting opioid with a very high affinity for the receptor, think thick wet cement to water if bupe is cement and h is water.  Its gonna take alot longer to wash away wet cement.  Tapering with film strips you can taper down to almost nothing before jumping and brixadi and sublocade are other options people have had success with to get off.  A taper done properly might look like a year or 2 depending on dose and tolerance to wd symptoms if you have been on it for a long time, but people dont want to do that.  And thats if you decide to go off of it.  If you wanna be on it the rest of your life, then thats between you and your dr.  People seem to forget that being on bupe is better than being on h or dying or losing everything to addiction.",14.0,30,small,caring,R-OpiatesRecovery
Hello there people,Is it ok to ask for wd hacks. Things you did or saw other do to aid with wd. Ways of trucking the mind. Maybe ways of taking doses at different times or not at all. Just any good old tricks basically .,4,"I've been tapering off of Suboxone using the films to cut up in pieces to be able to lower in systemic increments (I'm at 1mg and am going to taper this over 2 weeks) and AGMATINE has done absolute wonders for me personally, one can start taking it a few days before start tapering or stop your DOC, as it apparently helps to reduce tolerance as well. It has also help kept my mood up. Look into the research and experiences of people who tried agmatine, it's very underrated.

Taking LIPOSOMOL VITAMIN C has helped me a bit too (look up the research and experiences of people who tried it, using the liposomal version allows for using a much lower dose).

Not medical device but these 2 things have made a horrible experience turn into just an annoying experience for me. Ginger extract chewabled are more effective for stomach upset and nausea than what would think without all the grogginess of something like dimenhydrinate.

Of course Tylenol/Advil, Imodium (due to those other supplements I've been taking I actually haven't needed this), melatonin to help with sleep.

I've also been given Gabapentin by my doctor to take as needed, so far I just take it for sleep in a relatively low dose. 

I also have clonidine available but I haven't even needed due to the effectiveness of the supplements mentioned at the beginning.

I went from 6mg to 1mg of Suboxone in about 6 weeks so far, I think I could have done it faster but at this pace it was not too bad and I was functional most of the time.",3.0,46,small,approval,R-OpiatesRecovery
"100 days clean cold turkey no 10s 20s or 30s if anybody is going through it, you got this and you’re going to make it",🤟🏾,16,Time to level up lesssssss gooooo,2.0,26,small,neutral,R-OpiatesRecovery
It’s finally my time…,"Well, I’ve been using oxy/hydro since June of 2021. Started out at 5/10 mg at night once a week to 100mg a day and busting my ass and begging to get it anyway possible. I’ve never done more than 105 mg in a day. I’m a 26 man, married and I’m a fraction of the man I was 4 years ago, I can’t stand to look myself in the mirror and I truly hate myself. However, this morning, something clicked in me, I realized it’s time to love and respect myself. I’ve realized and told myself no matter what my brain tells me, I don’t need pain pills to live anymore. I’ve struggled to quit for years now and I think the hardest part is boredom, my wife makes really really good money so I don’t work at the moment. And that’s when I’ve realized it’s the hardest, just sitting here day in and day out staring at the wall, letting my brain make up excuses why I should get high. So today is day 1 of the rest of my new life. I know I can do this as I’m actually 2 months clean from cigarettes and weed, I quit both cold turkey September 15, so I know I can do this, I think I’ve just expected it to be easy, and now, I’ve prepared my brain to expect war. I just got back from the grocery store, got a shit ton of healthy foods, I’m going to keep drinking my 100 oz of water/day (been doing that since last October). Otw home from the grocery store, I stopped at the gym and my local mma/wrestling gym and bought a membership from both. I’ve been wanting to do this for so long yet I continuously made excuses as to why it had to wait. Well, not anymore… I want to be a man my family can be proud of, but most importantly, I want to look in the mirror and smile. Thank you for reading my rant, I will be back everyday for daily check ins. Any tips, or advice will be accepted and greatly appreciated. ",11,"When you think it can't get worse it gets worse. When time is moving backwards stay strong. I'm in a similar boat on day 6 and my wife has been my rock. Lots of OTCs that help, agmatine sulfur and what not, I think clonodine is supposed to be one of the best if you're able to procure it. I've used magnesium, theanine, hydroxyzine, trazodone and it was hell. Stay the course friend",5.0,361,large,caring,R-OpiatesRecovery
6 days and 16 hours……It’s taking everything I have to not make the call,"Almost at the 7 day mark.  Really struggling mentally right now.  Over the acutes, so my brain is telling me “one more ride”.  Man this is the tough part huh?

\*update - I failed.  On day 4 again.  Depressed and full of regret.  But I must push forward",28,Let’s go!!!!! Bro all you gotta do is make it to tomorrow and tomorrow the plan should only be to make it to the next day. Don’t think too far focus on now,13.0,62,medium,caring,R-OpiatesRecovery
I want to stop it!,"I started doing drugs back in 2003 and been a pure Afghani Heroin addict since 2013. I do 2 grams a day, thats alot because what we get in Kuwait is very pure. 

I went through detox many times that I couldn't count, maybe 40-50 times. I did it cold turkey and I did it through inpatient centers. Everytime I relapse. I went sober close to a year once, but most times is only weeks or couple of months. I know replasing is part of the recovery but I really got tired of relapsing and getting back to the habit and addiction. I lost everything like any other addict and more. Please help me quit and be a sober and productive person. ",2,"look into medically assisted treatment using buprenorphine, methadone, or vivitrol",1.0,127,medium,neutral,R-OpiatesRecovery
