title,selftext,score,comment_body,comment_score,post_word_count,post_emotion,comment_emotion,data_source
1 year clean today. Didn’t think I’d make it this far.,"Never thought I’d be the one posting this, but today makes one year clean off heroin.

A year ago I was stuck in the same loop a lot of us know too well: wake up sick, promise myself “just one more day,” spend the whole day chasing, crash, repeat. Rehab, relapse, shame, trying again, lying to people who still cared, pushing away the ones who didn’t give up on me yet. I’ve had more “rock bottoms” than I can count, and a couple moments where I honestly ***shouldn’t be here typing this.***

I used to read posts like this and think, cool for you, but that’s not gonna be me. I really believed I was built different in the worst way, like I’d either unalive myself using or just keep living that half-life forever.

Getting clean wasn’t some movie moment. It was boring and uncomfortable and slow. It was learning how to sit with feelings I spent years running from. It was dealing with anxiety, cravings, and that annoying voice that tells you you’re better now so you can “handle it.” It was rebuilding trust with people who had ***every reason not to trust me.***

I still have rough days. I still think about using sometimes. But I don’t wake up sick anymore. I don’t plan my whole life around not being dope sick. I actually remember my days now.

I’m not posting this to flex or act like I’ve got it all figured out. I don’t. I’m posting because; if you’re reading this and you’re still in it, or you’re trying to quit and keep slipping, I swear you’re not broken and you’re not hopeless, even if your brain tells you you are.

If you’re still using, I hope you stay safe. If you’re trying to get clean, keep going even if it’s messy. And if you’ve got some clean time, I’m proud of you too, even if nobody else says it.

Thanks to everyone here who shares their stories. This sub helped me feel less alone when I was at my worst.

One day at a time. For real.",56,Hell yeah. Keep it up!,4.0,362,gratitude,admiration,R-OpiatesRecovery
Wondering if anyone can talk me off the ledge (not literally),"I am in early recovery and have went from 60mgs of methadone to 20mgs in just 2ish months maybe that was way too fast and also its the holidays which never help. But today I just woke up in such a manic state of mind im not really sure what's going on, maybe its the lack of sleep thats been getting too me but I feel like im loosing my mind and the only thing thats gonna help is relapsing harddddd.

For background in started on percs, swallowed them for about half a year, switch to snorting dilaudid, did that for about 1 years and a half, switched to shooting up dilaudid did that for about another year than finally switched to smoking fetty. Did that for bearly 2 months and overdosed twice, fentanyl really is a demonic fucking drug. Got in some trouble with the law and got booked and charged in drug court. Let me off real easy no criminal record all I have to do is go to rehab and do probation. Already finished the rehab and they got me on the methadone. But yeah I've bearly slept in almost 5 days and feeling such crazy mentally. I've already messaged the dealer im scoring some dillys, unless can someone really convince me to try and hold out longer?",3,don't do it it's not worth it. it won't fix your problem it will just make it worse. you're strong and you can get through this. you'll feel okay for a little bit and then you'll be back into all the shit that you've ever been through. You've come through the trenches so just leave that behind you. do you go to meetings or know anyone who can be a good support? you should call someone.,4.0,232,confusion,caring,R-OpiatesRecovery
I’ve been off of fet for a year and a half but honestly the cravings are still really intense.,It’s discouraging. I don’t understand why all of this work I’ve put in hasn’t done anything to soothe that disgusting hunger. When did it get easier for other people? Is there something I can do to put more distance between myself and my impulses? There is a constant dissonance between my physical self and mental because I’m trying to do right by myself and my family on the outside but in my head there’s just this constant gnawing. I’m better because I have to be but I want to just be better. ,7,I went cold turkey after 20+ years. After 2 years I finally went for help. It seemed like a step back but I’m told you need more time to heal. Im now on anti depressants. I do feel much better than I did. No problem with withdrawal and I’m beginning to feel much better.,2.0,111,disappointment,approval,R-OpiatesRecovery
Jobs during addiction,"Those of you who have managed to keep a job, what do you do? I am a paramedic. I work both on a normal ambulance and special community paramedic unit. My addiction started early in my career and right now I take about 120mg oxy daily. Although right now I am 8 days clean. The longest clean time has been about 20 days. I have tried to quit multiple times. I think I really need help, but my career will end if I get help since my employer has zero tolerance for addiction. That is because I administer narcotics daily to patients independently. I have never taken anything from my workplace though. 

How do you manage your job in addiction? Especially in nursing if I have some colleges here. ",17,"Successful engineer while fully blown addicted. It made me more productive, nobody knew anyways. 

There’s a book that helped me sort of accept the situation at the time…look it up…it’s completely different than anything you’ve heard in rehab and NA meetings and those sort of places…some say controversial but honestly I love people who challenge the mainstream framework and “official science” narrative…not everything is black or white, and at this point I feel like they automatically reject ANYONE that doesn’t follow the addiction mantra and main (and only) approach. It’s refreshing to see people who walk outside the lines and apply independent thinking like the author of the book. He’s a professional in the field and highly educated, so it’s **not** just some random dude talking out of his ass and sharing his uninformed opinion and publishing it as a book….he’s researched extensively and offers his own insight  on the subject, and while I’m sure may would disagree with some of his statements, I think it’s a realistic outlook and most of negative responses to his approach are coming from places that profit off the current mainstream accepted solutions or approaches to addiction which is somewhat concerning and predatory. It’s a money making industry and anyone with a different view or take on it is immediately ostracized and outcasted as some quack who doesn’t know what he’s talking about and shouldn’t be taken seriously. I truly hate that about the addiction community. It’s like one day everyone got together and agreed that there’s one right approach to the issue and anyone saying anything else or suggesting a certain way of thinking about it, and everything and everyone else is just flat out wrong and crazy and their way is harmful because they said it is. 

⚠️The book is called:   
“Addiction is it right for you?: a companion book for the functional addict”

Let me also add that I have been extremely skeptical of anything related to treatments and rehabs and big pharma and the medical industry complex as a whole - I stopped trusting them about a decade ago when  I had just started my adult life and got hit with a diagnosis of a severe chronic disease that can’t be cured and prescribed 12 gigantic pills a day and told I’ll be taking those every day for the rest of my life just to maintain it - it’ll never be cured and I’ll always depend on these damn pills to be able to live a normal life from that moment on. It’s been 9.5 years since I took them and I’ve had multiple check ups and tests done since, surprise surprise I’m just fine, a miracle has happened the disease went into full remission and any trace of it ever being there is gone. And while that’s not the case for everyone, the doctors were so unhelpful and told me repeatedly that there’s no  natural remedies and my only chance are to take those 12 daily pills (that cost $900 a month btw). 
I am grateful for western medicine and those pills for their effect when an acute issue come up and hit you, but all these chronic diseases are defined and researched by the same industry that profits off of them and that’s a huge red flag….of course they’ll define them as chronic and long term and claim the solution they offer are meds-for-life because that’s a customer for life. Good deal for them.",7.0,132,curiosity,approval,R-OpiatesRecovery
Brixadi?,"Edit: just realized I spelled it wrong but can’t edit

Okay so what I don’t understand is these medications are all the same thing. Buprenorphine. How can a company copycat a drug. Wouldn’t there be copyrights or some form of protection? I’m sure Sublocade’s company would be pissed another company straight up stole their drug. Thoughts? Is there something I’m missing? Make it make sense.",2,They are formulated differently and the original patent on buprenorphine is no longer exclusive,4.0,66,confusion,neutral,R-OpiatesRecovery
Day 8,"What a tough week. Between bouts of being curled up on the floor to being curled up on the floor nude to pacing like a lunatic, this aws was rough. Now the agitation and irritability of paws is rearing it's ugly head. I should have some clonidin and mirtazapine in soon, hydroxyzine and trazodone have done a lot of the heavy lifting for getting some bit of sleep. How do you keep calm during paws days, especially when those that are still speaking to you are probably the last people you want to be mean towards?",7,"Day 8 is not PAWS. It’s still acute withdrawal. 

I only nitpick because people throw this word around all the time but it has a clinical meaning",8.0,98,curiosity,neutral,R-OpiatesRecovery
Grants or assistance for Sober living in Florida,"I just moved from Missouri to Florida for inpatient rehab. This is the first time I've gotten sober and been serious about my recovery. I have no family no friends that will have anything to do with me, I have a couple job interviews for when I get out of residential treatment but I need assistance getting into a sober living. Does anyone have any idea where to get grants or assistance for getting into a sober living? iIve got a bed reserved in an Oxford house so I'm making the plans just don't know where to look. Google has not been much help ",1,,,112,curiosity,neutral,R-OpiatesRecovery
"Tapering down Brixadi/Buvidal, suggestion","I had a nasty oxy habit of 800-1200mg daily for years (+ crack and speed plus benzos). Managed to get rid of everything else and taper to 120-200mg oxy daily by my-self, but couldn’t jump. So, started bupe (oral for 1 week, then weekly shots 8mg -> 16mg, then monthly 96mg shots). Stayed at 96mg for 7 months and 3 weeks ago got 64mg instead. Feeling a lot better, although some sweating and a bit more tired and waking up at 4-5am. Next Scheduled shot is in 10days.My goal is to come off completely. Should I extend my injections, how many 64mg monthly shots, should I change to 8mg weekly (and for how long?), or just jump at this point?",1,How many 8mg weekly injections did you get before the 16? And did you do any weekly 16’s or straight to the 16 monthly. ,1.0,124,curiosity,curiosity,R-OpiatesRecovery
Day 2,Currently on day 2 of withdrawal. I haven’t really slept at all mostly due to restless legs and my arms seem to have it too. Is this normal? . It’s the absolute worst. ,7,Sending you love. You will make it through this. Day 2 is tough.,4.0,35,disgust,caring,R-OpiatesRecovery
5 days out from a low (0.13-0.26) taper,WHY DOES IT SUCK SO MUCH EVEN THIS LOW AND WITH COMFORT MEDS LEL,1,"Don’t use too much comfort meds now, you’ll need them when you reach 0.",3.0,22,annoyance,caring,R-OpiatesRecovery
Ia it normal to still have occasional Diarrhea during the PAWS stage?,Thought it belongs to the acute phase only. ,2,"Well, I’m on day 16 and have had it twice randomly this week. So I would say so 😅",3.0,20,curiosity,approval,R-OpiatesRecovery
Mourning myself,There’s this moment in recovery where you start mourning your old self. The one who didn’t make it out. I didn’t expect grief to be such a big part of getting clean.,5,"Yeah I guess that’s true 
But that you was never you to begin with. I listened to an interview the other day with Charlie sheen and he was saying when he did coke he was the life of the party and when he drank he was another person, but he said that’s never truely the person he even was to begin with, just who he was on drugs/alcohol
You start to reconnect with the you before you die drugs, like a lot of people and myself was me as a teenager which is hard to remember but it’s been a ride for sure. It’s interesting to find who you really are",2.0,34,sadness,approval,R-OpiatesRecovery
MY STORY OF HOPE AND FAITH… REINVENTING MYSELF THROUGH MY ADDICTION TO HEROIN AND EVENTUAL RECOVERY.,,1,,,16,optimism,neutral,R-OpiatesRecovery
Best roa for sub rapid taper?,"Hi! In your opinion, what would be best for a person trying a rapid sub taper? Snort or under tounge and let melt away?

I would like to say that im only interested in personal experienses for research purposes.",1,"Sub rapid taper is not a thing lol, they say it is but it’s not. I tried and was very very ill until I was given more sub from a friend. It’s not a drug made for a rapid taper, I’m my opinion. It’s not really like a quick in quick out drug, it builds up in your system. You are unable to get any relief from withdrawal and the dose only gets lower, so it’s like 1% better than nothing at all but basically like nothing. Ur mouth will absorb it faster than your nose will also.",2.0,45,curiosity,amusement,R-OpiatesRecovery
