size,mental_status,emotion_class,total_count
small,anxiety,confusion,1
small,anxiety,disgust,1
small,anxiety,fear,1
small,depression,admiration,1
small,depression,amusement,1
small,depression,annoyance,2
small,depression,caring,3
small,depression,confusion,4
small,depression,curiosity,25
small,depression,disappointment,4
small,depression,disapproval,1
small,depression,gratitude,5
small,depression,joy,1
small,depression,nervousness,1
small,depression,neutral,11
small,depression,optimism,2
small,depression,surprise,1
small,none,curiosity,12
small,none,neutral,1
small,ptsd,curiosity,3
small,ptsd,gratitude,1
small,ptsd,neutral,2
small,ptsd,sadness,1
small,stress,curiosity,4
small,stress,disappointment,1
small,stress,joy,1
small,stress,nervousness,1
small,stress,neutral,4
small,stress,optimism,1
small,stress,sadness,1
small,suicide,confusion,2
small,suicide,curiosity,3
small,suicide,desire,1
small,suicide,gratitude,1
small,suicide,joy,1
small,suicide,love,1
small,suicide,nervousness,1
small,suicide,neutral,1
small,suicide,optimism,1
medium,anxiety,annoyance,1
medium,anxiety,caring,1
medium,anxiety,curiosity,5
medium,anxiety,disappointment,1
medium,anxiety,embarrassment,1
medium,anxiety,nervousness,1
medium,anxiety,neutral,1
medium,anxiety,relief,1
medium,depression,admiration,8
medium,depression,amusement,7
medium,depression,anger,1
medium,depression,annoyance,18
medium,depression,approval,1
medium,depression,caring,6
medium,depression,confusion,26
medium,depression,curiosity,117
medium,depression,desire,4
medium,depression,disappointment,18
medium,depression,disgust,6
medium,depression,embarrassment,3
medium,depression,excitement,4
medium,depression,fear,37
medium,depression,gratitude,57
medium,depression,joy,27
medium,depression,love,6
medium,depression,nervousness,2
medium,depression,neutral,13
medium,depression,optimism,64
medium,depression,pride,1
medium,depression,realization,8
medium,depression,remorse,2
medium,depression,sadness,15
medium,depression,surprise,6
medium,none,confusion,2
medium,none,curiosity,4
medium,none,gratitude,1
medium,ptsd,annoyance,1
medium,ptsd,curiosity,6
medium,ptsd,gratitude,2
medium,ptsd,joy,1
medium,ptsd,optimism,1
medium,ptsd,surprise,1
medium,stress,caring,1
medium,stress,curiosity,1
medium,suicide,anger,1
medium,suicide,confusion,1
medium,suicide,curiosity,4
medium,suicide,disappointment,1
medium,suicide,fear,1
medium,suicide,gratitude,4
medium,suicide,nervousness,1
medium,suicide,optimism,3
medium,suicide,remorse,2
medium,suicide,sadness,1
large,depression,admiration,2
large,depression,amusement,15
large,depression,annoyance,6
large,depression,approval,2
large,depression,caring,4
large,depression,confusion,6
large,depression,curiosity,41
large,depression,desire,1
large,depression,disappointment,10
large,depression,disgust,1
large,depression,embarrassment,6
large,depression,excitement,1
large,depression,fear,26
large,depression,gratitude,43
large,depression,joy,12
large,depression,nervousness,3
large,depression,neutral,3
large,depression,optimism,39
large,depression,pride,1
large,depression,realization,7
large,depression,remorse,4
large,depression,sadness,8
large,depression,surprise,7
large,suicide,annoyance,2
large,suicide,caring,2
large,suicide,confusion,1
large,suicide,curiosity,1
large,suicide,desire,1
large,suicide,disappointment,1
large,suicide,fear,2
large,suicide,gratitude,1
large,suicide,optimism,2
large,suicide,realization,1
