title,selftext,score,comment_body,comment_score,post_word_count,post_size_category,mental_health_class,post_emotion,comment_emotion,data_source
I’ve been off of fet for a year and a half but honestly the cravings are still really intense.,It’s discouraging. I don’t understand why all of this work I’ve put in hasn’t done anything to soothe that disgusting hunger. When did it get easier for other people? Is there something I can do to put more distance between myself and my impulses? There is a constant dissonance between my physical self and mental because I’m trying to do right by myself and my family on the outside but in my head there’s just this constant gnawing. I’m better because I have to be but I want to just be better. ,7,"For me it helps that the quality of drugs went down so much before I even got clean. I couldn’t even catch a buzz near the end. Sometime I miss the stuff I used to get, but I know I can’t get it now so what’s the point",7.0,111,medium,anxiety,disappointment,disappointment,R-OpiatesRecovery
Nicotine wds along with opioid,I’m just realizing that last time I detoxed was horrible and might have been due to nicotine withdrawals. I had such bad anxiety for months I’m just wondering if I didn’t vape would it been horrible? ,4,The nicotine is what causes the anxiety.. trust me.  Nicotine and caffeine during the first couple months of opiate withdrawal are asking for a panic attack.,6.0,41,small,anxiety,fear,fear,R-OpiatesRecovery
To the fentanyl users..,"Be serious with yourself, when was the last time you actually enjoyed being a user? For me I enjoyed about the first month of it, then the last 4 years was hell. Chasing the dragon everyday for a feeling I would never come close to again. On top of that, you have to hide it. From loved ones, from your job, from everything. Everyone is afraid of the withdrawal, I went through fent withdrawal more time than I can count and always went back to it to scratch that itch. If you want off the shit, I’m telling you, find a way to get on suboxone, then get on sublocade. Whether that’s through a rehab, Medicaid/insurance, etc. Or find a way that ACTUALLY works for you.
People will say they can’t do it, and I understand. It’s hard to put life on hold. But eventually we all gotta come to terms with the reality we’re living. Spending all of that money on bunk shit most of the time, unless you are one of the rare people with a fire plug with good prices. Regardless, it’s not worth it. I keep seeing people on here asking questions about this and that regarding fentanyl. Just stop. Stop doing the shit to yourself. Start working out and developing healthy habits. Smoke weed. Use nicotine. Anything to get off that demon, and that’s exactly what fentanyl is, a demon.
I know it’s easier said than done, but if you want it done, you’ll find a way. Keep going. 
(I wrote this in about two minutes so apologizes for not writing this whole thing out properly.) I just want people to know there’s hope. I’m clean almost a year and a half off of it. I went from subs to sublocade. Life is ten times better than it was when I was using. It can be done, even for the people in the worst spots. ",43,"You described my experience with H to a tee.  Maybe i enjoyed it a bit longer, say 5 or 6 months, but that last decade took pieces i'll never get back.  Honestly, I'm grateful I got out before fent took over.",16.0,324,large,depression,caring,gratitude,R-OpiatesRecovery
Friday February 27 check in,"Hey all, happy Friday. Hope your day’s going well. I’ve been up since 5 AM—I had a 9 AM doctor’s appointment and work right after, so I went to the gym first and got everything done. The appointment was 30 minutes away and ended up being barely 20 minutes—they brought me in right away, I saw the doctor immediately, and that was it. All that prep and driving for that lol.

Then an hour later for work I had a client meeting scheduled for 45 minutes on Google Meet, and it ended up being like a 10-minute conversation. I swear they schedule way more time than they actually need.

Anyways, I’m glad it’s Friday. What’s everyone up to today?

Check in here!",2,"Work is restricting our hours right now. They give us these insane schedules and not enough hours to do it in. I really hustled earlier this week and did well, but it took longer than they wanted. So i have to leave early today, which is fine, its friday and i dont mind. But the whole thing is just silly, they tell you opposite things in the same sentence. And it heavily discourages working hard, so i guess ill tone that back a bit.",1.0,127,medium,depression,joy,annoyance,R-OpiatesRecovery
Restless legs,Has anyone found something that works for this? I’ve tried kratom and it helps but I don’t want to get addicted to that too. The vitamin c thing didn’t really help me,3,"Clonidine and Gabapentin. Both are prescription only, unfortunately.",6.0,34,small,depression,confusion,neutral,R-OpiatesRecovery
"Those on Testosterone, were you honest about your use?","Those who are on Testosterone, did you tell your doctor about your opiates usage? 

My concern is two fold:

1. The doctor just says we won't treat your low Testosterone until you quit your usage 
2. The doctor doesn't have the full picture of my condition 

What did you do? ",0,"Absolutely. Ever since ive gotten clean, I have been 100% honest with all my doctors. They need this information to best serve me. Remember, they serve you, thats why you pay them. 

Has being honest been a drawback? Not really. I've run into some ignorant doctors but I got to educate them a bit and I didn't stay with them(psychiatrists). 

And any doctor that knows anything about opioid addiction should be aware low-t is very common in men who used long acting opioids or abused opioids. And any doctor that doesn't know can educate themselves very easily about it. 

Just be honest as thats part of recovery",10.0,59,medium,none,curiosity,approval,R-OpiatesRecovery
Vitamin c protocol,Do you have to use the powder or do the capsules work jsut as well? I’ve got some liposomal vitamin c on the way in capsule form. Just wanted to make sure ,3,"Here is a guide on Liposomal Vitamin C as well as the Ultimate Withdrawal Survival Guide. 

https://www.reddit.com/r/opiates/s/CECBhFP2Q6

https://www.reddit.com/r/opiates/s/oYMqdV8Fiw

Megadosing Liposomal Vitamin C, or Vitamin C, if you can't get the Liposomal, should take away most of your symptoms. It's incredible, and you'll see a lot of heavy users absolutely swear by it, as do I. Read the comments on the post.

I've got Gabapentin, Clonidine, Valium, Immodium, etc, but Vitamin C is definitely the best. Comfort meds still as needed, especially Immodium! 

It's best to start megadosing Liposomal Vitamin C 3 days prior to quitting or tapering down.

You can also take DLPA, NAC, Agmatine Sulfate and Magnesium Bisglycinate, which helps a lot with withdrawals and PAWS. DLPA boosts endorphins, NAC restores glutamate balance, Agmatine Sulfate modulates opioid receptors, and Magnesium Bisglycinate calms the nervous system.",4.0,35,small,none,curiosity,approval,R-OpiatesRecovery
7-oh use,"I used 500 mg+ of 7-oh, it was absolutely awful. I sold everything I owned, I lied, I stole to keep using. The withdrawal was life changing it was so bad. I guess I get a little worked up hearing people downplay the withdrawal. What I experienced was like torture or cruel and unusual punishment. It’s an opioid just the same. BUT I’m making this post to try and tackle that a little bit. I want to hear about the withdrawal you guys experienced from 7-oh. What were your experiences like? What was your withdrawal like?",26,"For me, it was just as bad as coming off pharmaceutical opioids and very similar, but 7oh gave me way worse RLS and also the mental anguish from 7oh withdrawal is soul crushing. I wish I'd just gotten back into pills over this tbh. I'm on day 2, almost day 3 of my second/third (one was barely an attempt) quit of 7oh.",21.0,98,medium,ptsd,curiosity,desire,R-OpiatesRecovery
Day 4 No Suboxone,"I'm currently at day 4 of no subs. I took about 2mg subs daily for 4-5 months, and before that I took kratom for 5 years. Has anybody been through something similar? What can I expect? Thanks!",2,What do you feel ? I’m on them and cutting the tabs smaller . I read horror stories and also have read that it was a cake walk comparatively to other opiates,2.0,41,small,ptsd,gratitude,curiosity,R-OpiatesRecovery
Grants or assistance for Sober living in Florida,"I just moved from Missouri to Florida for inpatient rehab. This is the first time I've gotten sober and been serious about my recovery. I have no family no friends that will have anything to do with me, I have a couple job interviews for when I get out of residential treatment but I need assistance getting into a sober living. Does anyone have any idea where to get grants or assistance for getting into a sober living? iIve got a bed reserved in an Oxford house so I'm making the plans just don't know where to look. Google has not been much help ",1,,,112,medium,stress,curiosity,neutral,R-OpiatesRecovery
New virtual 12-step meeting for dual diagnosis folks (Tue/Thu/Fri/Sun @ 9PM Central),,1,,,12,small,stress,neutral,neutral,R-OpiatesRecovery
I’ve tapered down to a minuscule amount of codeine but I’m afraid to jump.,"Hey everybody. A few weeks ago I posted on here about how I was taking way too many codeine tablets and feared that it was killing me. I was taking six 200/12.8 Ibuprofen w codeines three times per day along with three 500/12.8mg  Tylenol (paracetamol) w codeines 3x per day. 

Currently I’m battling the most severe gastritis that I’ve ever had, and I went to the emergency room the other day thinking that I was passing a kidney stone (they never got to the bottom of it. I think it’s gastritis). 

Anyways, I’ve weaned myself down to just two paracetamol with codeines twice per day. Once in the morning, once at night. This is such a negligible amount of codeine that some of you might even find it laughable. But I can’t seem to make the jump, out of fear that I’ll have restless leg syndrome when I sleep. 

It’s stupid, because when I was in my 20s, I quit injecting heroin by joining the army and shipping off to basic training. Wouldn’t wish that on my worst enemy. I know it won’t be anything like that. Am I just being stupid? Should I jump? How can I distract myself from the mental discomfort? Thanks in advance. ",5,"Generally 400mg ibuprofen per 4 hours is the recommended. The top end is 600mg per 4 hours. 

You're taking 1200mg - THAT is what is causing your stomach problems. You may have given yourself an ulcer. 

Your codeine is a tiny amount. I was taking 900mg per 4 hours. Yes, I was bloated, but codeine won't do as much damage to your stomach as your ibuprofen",3.0,221,large,suicide,fear,caring,R-OpiatesRecovery
I want to stop it!,"I started doing drugs back in 2003 and been a pure Afghani Heroin addict since 2013. I do 2 grams a day, thats alot because what we get in Kuwait is very pure. 

I went through detox many times that I couldn't count, maybe 40-50 times. I did it cold turkey and I did it through inpatient centers. Everytime I relapse. I went sober close to a year once, but most times is only weeks or couple of months. I know replasing is part of the recovery but I really got tired of relapsing and getting back to the habit and addiction. I lost everything like any other addict and more. Please help me quit and be a sober and productive person. ",2,"look into medically assisted treatment using buprenorphine, methadone, or vivitrol",1.0,127,medium,suicide,sadness,neutral,R-OpiatesRecovery
"100 days clean cold turkey no 10s 20s or 30s if anybody is going through it, you got this and you’re going to make it",🤟🏾,16,Awesome job!,2.0,26,small,suicide,optimism,admiration,R-OpiatesRecovery
